root_seed,training_step,continuation_offset,clean_mean,fault_mean,paired_deficit,clean_episode_count,fault_episode_count,clean_capped_episodes,fault_capped_episodes,post_eviction_eligible
3763295516,500000,0,9.9,9.9,0.0,20,20,0,0,False
3763295516,510000,10000,13.3,12.45,0.8500000000000014,20,20,0,0,False
3763295516,520000,20000,9.85,11.65,-1.8000000000000007,20,20,0,0,False
3763295516,530000,30000,11.2,7.25,3.9499999999999993,20,20,0,0,False
3763295516,540000,40000,11.9,10.95,0.9500000000000011,20,20,0,0,False
3763295516,550000,50000,10.75,14.15,-3.4000000000000004,20,20,0,0,False
3763295516,560000,60000,9.1,9.25,-0.15000000000000036,20,20,0,0,False
3763295516,570000,70000,11.5,10.3,1.1999999999999993,20,20,0,0,False
3763295516,580000,80000,8.3,16.85,-8.55,20,20,0,0,False
3763295516,590000,90000,11.8,7.45,4.3500000000000005,20,20,0,0,False
3763295516,600000,100000,12.9,9.15,3.75,20,20,0,0,True
3763295516,610000,110000,17.75,19.1,-1.3500000000000014,20,20,0,0,True
3763295516,620000,120000,22.55,13.55,9.0,20,20,0,0,True
3763295516,630000,130000,14.8,11.9,2.9000000000000004,20,20,0,0,True
3763295516,640000,140000,10.5,14.0,-3.5,20,20,0,0,True
3763295516,650000,150000,14.0,14.7,-0.6999999999999993,20,20,0,0,True
3763295516,660000,160000,10.25,11.0,-0.75,20,20,0,0,True
3763295516,670000,170000,22.25,15.25,7.0,20,20,0,0,True
3763295516,680000,180000,10.2,16.1,-5.900000000000002,20,20,0,0,True
3763295516,690000,190000,14.7,14.8,-0.10000000000000142,20,20,0,0,True
3763295516,700000,200000,16.45,14.6,1.8499999999999996,20,20,0,0,True
3515024991,500000,0,9.85,9.85,0.0,20,20,0,0,False
3515024991,510000,10000,11.25,9.4,1.8499999999999996,20,20,0,0,False
3515024991,520000,20000,12.8,12.45,0.3500000000000014,20,20,0,0,False
3515024991,530000,30000,9.75,9.35,0.40000000000000036,20,20,0,0,False
3515024991,540000,40000,13.1,12.0,1.0999999999999996,20,20,0,0,False
3515024991,550000,50000,15.45,10.75,4.699999999999999,20,20,0,0,False
3515024991,560000,60000,13.05,12.85,0.20000000000000107,20,20,0,0,False
3515024991,570000,70000,15.2,12.85,2.3499999999999996,20,20,0,0,False
3515024991,580000,80000,15.4,14.75,0.6500000000000004,20,20,0,0,False
3515024991,590000,90000,14.1,12.1,2.0,20,20,0,0,False
3515024991,600000,100000,9.15,14.0,-4.85,20,20,0,0,True
3515024991,610000,110000,13.3,9.35,3.950000000000001,20,20,0,0,True
3515024991,620000,120000,10.75,12.1,-1.3499999999999996,20,20,0,0,True
3515024991,630000,130000,13.7,16.2,-2.5,20,20,0,0,True
3515024991,640000,140000,14.1,14.3,-0.20000000000000107,20,20,0,0,True
3515024991,650000,150000,18.2,15.0,3.1999999999999993,20,20,0,0,True
3515024991,660000,160000,14.05,16.95,-2.8999999999999986,20,20,0,0,True
3515024991,670000,170000,12.2,17.25,-5.050000000000001,20,20,0,0,True
3515024991,680000,180000,13.25,14.3,-1.0500000000000007,20,20,0,0,True
3515024991,690000,190000,10.95,14.7,-3.75,20,20,0,0,True
3515024991,700000,200000,13.3,14.85,-1.549999999999999,20,20,0,0,True
4076086378,500000,0,8.0,8.0,0.0,20,20,0,0,False
4076086378,510000,10000,11.2,10.75,0.4499999999999993,20,20,0,0,False
4076086378,520000,20000,13.1,11.0,2.0999999999999996,20,20,0,0,False
4076086378,530000,30000,9.0,13.25,-4.25,20,20,0,0,False
4076086378,540000,40000,9.9,13.95,-4.049999999999999,20,20,0,0,False
4076086378,550000,50000,11.55,9.35,2.200000000000001,20,20,0,0,False
4076086378,560000,60000,13.1,13.8,-0.7000000000000011,20,20,0,0,False
4076086378,570000,70000,12.45,9.95,2.5,20,20,0,0,False
4076086378,580000,80000,16.7,14.55,2.1499999999999986,20,20,0,0,False
4076086378,590000,90000,15.0,14.55,0.4499999999999993,20,20,0,0,False
4076086378,600000,100000,19.65,12.35,7.299999999999999,20,20,0,0,True
4076086378,610000,110000,14.3,8.45,5.850000000000001,20,20,0,0,True
4076086378,620000,120000,16.25,11.65,4.6,20,20,0,0,True
4076086378,630000,130000,18.95,14.85,4.1,20,20,0,0,True
4076086378,640000,140000,17.05,15.45,1.6000000000000014,20,20,0,0,True
4076086378,650000,150000,18.05,14.7,3.3500000000000014,20,20,0,0,True
4076086378,660000,160000,17.6,12.25,5.350000000000001,20,20,0,0,True
4076086378,670000,170000,17.2,15.1,2.0999999999999996,20,20,0,0,True
4076086378,680000,180000,12.85,13.55,-0.7000000000000011,20,20,0,0,True
4076086378,690000,190000,14.15,20.3,-6.15,20,20,0,0,True
4076086378,700000,200000,13.55,15.65,-2.0999999999999996,20,20,0,0,True
1531397161,500000,0,9.35,9.35,0.0,20,20,0,0,False
1531397161,510000,10000,13.9,12.9,1.0,20,20,0,0,False
1531397161,520000,20000,12.45,10.25,2.1999999999999993,20,20,0,0,False
1531397161,530000,30000,10.5,10.35,0.15000000000000036,20,20,0,0,False
1531397161,540000,40000,11.45,10.45,1.0,20,20,0,0,False
1531397161,550000,50000,9.9,12.35,-2.4499999999999993,20,20,0,0,False
1531397161,560000,60000,9.45,11.85,-2.4000000000000004,20,20,0,0,False
1531397161,570000,70000,10.45,11.25,-0.8000000000000007,20,20,0,0,False
1531397161,580000,80000,10.5,12.85,-2.3499999999999996,20,20,0,0,False
1531397161,590000,90000,11.25,14.0,-2.75,20,20,0,0,False
1531397161,600000,100000,14.8,12.75,2.0500000000000007,20,20,0,0,True
1531397161,610000,110000,11.35,11.9,-0.5500000000000007,20,20,0,0,True
1531397161,620000,120000,11.55,12.5,-0.9499999999999993,20,20,0,0,True
1531397161,630000,130000,12.1,12.3,-0.20000000000000107,20,20,0,0,True
1531397161,640000,140000,10.7,11.9,-1.200000000000001,20,20,0,0,True
1531397161,650000,150000,13.95,14.45,-0.5,20,20,0,0,True
1531397161,660000,160000,10.4,12.0,-1.5999999999999996,20,20,0,0,True
1531397161,670000,170000,10.35,12.4,-2.0500000000000007,20,20,0,0,True
1531397161,680000,180000,13.45,14.15,-0.7000000000000011,20,20,0,0,True
1531397161,690000,190000,12.7,10.2,2.5,20,20,0,0,True
1531397161,700000,200000,14.2,15.2,-1.0,20,20,0,0,True
1850709264,500000,0,9.05,9.05,0.0,20,20,0,0,False
1850709264,510000,10000,11.35,11.4,-0.05000000000000071,20,20,0,0,False
1850709264,520000,20000,11.6,13.6,-2.0,20,20,0,0,False
1850709264,530000,30000,13.4,16.5,-3.0999999999999996,20,20,0,0,False
1850709264,540000,40000,10.25,10.15,0.09999999999999964,20,20,0,0,False
1850709264,550000,50000,13.3,12.9,0.40000000000000036,20,20,0,0,False
1850709264,560000,60000,11.0,16.85,-5.850000000000001,20,20,0,0,False
1850709264,570000,70000,10.35,11.35,-1.0,20,20,0,0,False
1850709264,580000,80000,11.7,10.2,1.5,20,20,0,0,False
1850709264,590000,90000,14.8,12.65,2.1500000000000004,20,20,0,0,False
1850709264,600000,100000,14.4,9.7,4.700000000000001,20,20,0,0,True
1850709264,610000,110000,8.55,12.2,-3.6499999999999986,20,20,0,0,True
1850709264,620000,120000,12.2,16.05,-3.8500000000000014,20,20,0,0,True
1850709264,630000,130000,12.7,11.4,1.299999999999999,20,20,0,0,True
1850709264,640000,140000,12.4,13.5,-1.0999999999999996,20,20,0,0,True
1850709264,650000,150000,11.55,12.0,-0.4499999999999993,20,20,0,0,True
1850709264,660000,160000,11.1,15.3,-4.200000000000001,20,20,0,0,True
1850709264,670000,170000,12.65,14.85,-2.1999999999999993,20,20,0,0,True
1850709264,680000,180000,10.8,14.35,-3.549999999999999,20,20,0,0,True
1850709264,690000,190000,10.6,13.2,-2.5999999999999996,20,20,0,0,True
1850709264,700000,200000,14.45,12.8,1.6499999999999986,20,20,0,0,True
497083461,500000,0,9.0,9.0,0.0,20,20,0,0,False
497083461,510000,10000,7.2,12.15,-4.95,20,20,0,0,False
497083461,520000,20000,12.6,9.05,3.549999999999999,20,20,0,0,False
497083461,530000,30000,6.9,7.55,-0.6499999999999995,20,20,0,0,False
497083461,540000,40000,6.4,14.05,-7.65,20,20,0,0,False
497083461,550000,50000,8.35,8.85,-0.5,20,20,0,0,False
497083461,560000,60000,7.5,5.9,1.5999999999999996,20,20,0,0,False
497083461,570000,70000,6.7,9.25,-2.55,20,20,0,0,False
497083461,580000,80000,6.9,7.35,-0.4499999999999993,20,20,0,0,False
497083461,590000,90000,7.15,13.65,-6.5,20,20,0,0,False
497083461,600000,100000,8.7,5.25,3.4499999999999993,20,20,0,0,True
497083461,610000,110000,9.35,6.9,2.4499999999999993,20,20,0,0,True
497083461,620000,120000,12.1,6.75,5.35,20,20,0,0,True
497083461,630000,130000,7.6,11.95,-4.35,20,20,0,0,True
497083461,640000,140000,7.7,10.55,-2.8500000000000005,20,20,0,0,True
497083461,650000,150000,10.7,8.5,2.1999999999999993,20,20,0,0,True
497083461,660000,160000,10.7,10.15,0.5499999999999989,20,20,0,0,True
497083461,670000,170000,11.85,9.85,2.0,20,20,0,0,True
497083461,680000,180000,8.25,7.85,0.40000000000000036,20,20,0,0,True
497083461,690000,190000,6.45,8.5,-2.05,20,20,0,0,True
497083461,700000,200000,9.5,8.65,0.8499999999999996,20,20,0,0,True
